<?xml version="1.0"?>
<!DOCTYPE plugin SYSTEM "manifest.dtd">
<plugin version="2">
	<info>
		<version>1.0</version>
		<name>Passwd</name>
		<title>Password Change Plugin</title>
		<author>Saket Patel</author>
		<authorURL>https://github.com/silentsakky</authorURL>
		<description>Change your password from zarafa webapp</description>
	</info>
	<config>
		<configfile>config.php</configfile>
	</config>
	<components>
		<!-- <component>
			<info>
				<name>passwordmeter</name>
				<title>PasswordMeter</title>
				<author>Eelco Wiersma</author>
				<description>Ext user extension to check password strength</description>
			</info>
			<files>
				<client>
					<clientfile>lib/PasswordMeter.js</clientfile>
				</client>
			</files>
		</component> -->
		<component>
			<files>
				<server>
					<serverfile>php/plugin.passwd.php</serverfile>
					<serverfile type="module" module="passwdmodule">php/class.passwdmodule.php</serverfile>
				</server>
				<client>
					<clientfile load="release">js/passwd.js</clientfile>
					<clientfile load="debug">js/passwd-debug.js</clientfile>
					<clientfile load="source">js/PasswdPlugin.js</clientfile>
					<clientfile load="source">js/settings/SettingsPasswdCategory.js</clientfile>
					<clientfile load="source">js/settings/SettingsPasswdWidget.js</clientfile>
					<clientfile load="source">js/settings/PasswdPanel.js</clientfile>
					<clientfile load="source">js/data/PasswdResponseHandler.js</clientfile>
					<clientfile load="source">js/ABOUT.js</clientfile>
				</client>
			</files>
		</component>
	</components>
</plugin>
